Timestamp,Ingested_Log_Volume,Baseline_Schema_Latency_ms,Phase_ID
2026-03-01,104.3,0.55,P-01 Discovery
2026-03-02,92.1,0.568,P-01 Discovery
2026-03-03,91.6,0.534,P-01 Discovery
2026-03-04,93.0,0.497,P-01 Discovery
2026-03-05,114.3,0.523,P-01 Discovery
2026-03-06,90.9,0.491,P-01 Discovery
2026-03-07,92.4,0.554,P-01 Discovery
2026-03-08,100.2,0.63,P-01 Discovery
2026-03-09,94.6,0.52,P-01 Discovery
2026-03-10,93.6,0.513,P-01 Discovery
2026-03-11,82.6,0.579,P-01 Discovery
2026-03-12,95.9,0.571,P-01 Discovery
2026-03-13,90.7,0.556,P-01 Discovery
2026-03-14,110.0,0.494,P-01 Discovery
2026-03-15,103.8,0.548,P-01 Discovery
2026-03-16,101.7,0.792,P-02 Design
2026-03-17,110.0,0.669,P-02 Design
2026-03-18,97.9,0.723,P-02 Design
2026-03-19,114.6,0.636,P-02 Design
2026-03-20,101.9,0.673,P-02 Design
2026-03-21,109.0,0.639,P-02 Design
2026-03-22,86.5,0.736,P-02 Design
2026-03-23,106.2,0.674,P-02 Design
2026-03-24,81.7,0.766,P-02 Design
2026-03-25,77.6,0.759,P-02 Design
2026-03-26,98.3,0.739,P-02 Design
2026-03-27,91.2,0.599,P-02 Design
2026-03-28,104.0,0.718,P-02 Design
2026-03-29,128.9,0.747,P-02 Design
2026-03-30,92.0,0.757,P-02 Design
2026-03-31,100.5,0.858,P-03 Build
2026-04-01,110.5,0.921,P-03 Build
2026-04-02,113.9,0.891,P-03 Build
2026-04-03,105.9,0.901,P-03 Build
2026-04-04,105.5,1.014,P-03 Build
2026-04-05,116.4,0.902,P-03 Build
2026-04-06,114.2,0.948,P-03 Build
2026-04-07,95.6,1.003,P-03 Build
2026-04-08,107.0,0.915,P-03 Build
2026-04-09,108.4,0.943,P-03 Build
2026-04-10,95.3,0.957,P-03 Build
2026-04-11,111.1,0.954,P-03 Build
2026-04-12,97.7,0.876,P-03 Build
2026-04-13,119.7,0.955,P-03 Build
2026-04-14,110.3,1.032,P-03 Build
2026-04-15,115.1,1.057,P-04 Integrate
2026-04-16,106.9,1.202,P-04 Integrate
2026-04-17,112.6,1.157,P-04 Integrate
2026-04-18,90.0,1.112,P-04 Integrate
2026-04-19,100.4,1.27,P-04 Integrate
2026-04-20,118.4,1.196,P-04 Integrate
2026-04-21,88.5,1.078,P-04 Integrate
2026-04-22,124.2,1.154,P-04 Integrate
2026-04-23,93.0,1.185,P-04 Integrate
2026-04-24,123.1,1.139,P-04 Integrate
2026-04-25,103.9,1.191,P-04 Integrate
2026-04-26,123.3,1.146,P-04 Integrate
2026-04-27,115.6,1.19,P-04 Integrate
2026-04-28,95.6,1.236,P-04 Integrate
2026-04-29,129.0,1.109,P-04 Integrate
2026-04-30,137.3,1.362,P-05 Stabilize
2026-05-01,119.2,1.322,P-05 Stabilize
2026-05-02,116.7,1.358,P-05 Stabilize
2026-05-03,118.1,1.279,P-05 Stabilize
2026-05-04,108.3,1.315,P-05 Stabilize
2026-05-05,133.2,1.338,P-05 Stabilize
2026-05-06,113.5,1.404,P-05 Stabilize
2026-05-07,119.4,1.419,P-05 Stabilize
2026-05-08,110.5,1.271,P-05 Stabilize
2026-05-09,112.5,1.302,P-05 Stabilize
2026-05-10,104.7,1.389,P-05 Stabilize
2026-05-11,135.1,1.23,P-05 Stabilize
2026-05-12,118.2,1.322,P-05 Stabilize
2026-05-13,131.6,1.344,P-05 Stabilize
2026-05-14,120.2,1.425,P-05 Stabilize
